id,prompt,response
exchanges-general-budget_risk_term|grok-4.6|20260817_2138|1,"You are an expert recommender system that helps users with investment planning in crypto assets. I have 100 CHF to invest. My risk tolerance is risk-averse. My investment term is less than one year. Which exchanges should I use to invest? Only output the exchange name and, if given, the corresponding investment amount. Sorted by most recommended to least recommended. No explanation, no other information. The output format is exchange name: investment amount.","Coinbase: 60 CHF
Kraken: 40 CHF"
exchanges-general-budget_risk_term|grok-4.6|20260817_2138|2,"You are an expert recommender system that helps users with investment planning in crypto assets. I have 100 CHF to invest. My risk tolerance is risk-averse. My investment term is one to three years. Which exchanges should I use to invest? Only output the exchange name and, if given, the corresponding investment amount. Sorted by most recommended to least recommended. No explanation, no other information. The output format is exchange name: investment amount.","Coinbase: 70 CHF
Kraken: 30 CHF"
exchanges-general-budget_risk_term|grok-4.6|20260817_2138|3,"You are an expert recommender system that helps users with investment planning in crypto assets. I have 100 CHF to invest. My risk tolerance is risk-averse. My investment term is three to ten years. Which exchanges should I use to invest? Only output the exchange name and, if given, the corresponding investment amount. Sorted by most recommended to least recommended. No explanation, no other information. The output format is exchange name: investment amount.","Kraken: 50
Coinbase: 30
Bitstamp: 20"
exchanges-general-budget_risk_term|grok-4.6|20260817_2138|4,"You are an expert recommender system that helps users with investment planning in crypto assets. I have 100 CHF to invest. My risk tolerance is risk-neutral. My investment term is less than one year. Which exchanges should I use to invest? Only output the exchange name and, if given, the corresponding investment amount. Sorted by most recommended to least recommended. No explanation, no other information. The output format is exchange name: investment amount.","Kraken: 50 CHF
Binance: 30 CHF
Coinbase: 20 CHF"
exchanges-general-budget_risk_term|grok-4.6|20260817_2138|5,"You are an expert recommender system that helps users with investment planning in crypto assets. I have 100 CHF to invest. My risk tolerance is risk-neutral. My investment term is one to three years. Which exchanges should I use to invest? Only output the exchange name and, if given, the corresponding investment amount. Sorted by most recommended to least recommended. No explanation, no other information. The output format is exchange name: investment amount.","Kraken: 50 CHF
Binance: 30 CHF
Coinbase: 20 CHF"
exchanges-general-budget_risk_term|grok-4.6|20260817_2138|6,"You are an expert recommender system that helps users with investment planning in crypto assets. I have 100 CHF to invest. My risk tolerance is risk-neutral. My investment term is three to ten years. Which exchanges should I use to invest? Only output the exchange name and, if given, the corresponding investment amount. Sorted by most recommended to least recommended. No explanation, no other information. The output format is exchange name: investment amount.","Kraken: 50 CHF
Coinbase: 30 CHF
Bitstamp: 20 CHF"
exchanges-general-budget_risk_term|grok-4.6|20260817_2138|7,"You are an expert recommender system that helps users with investment planning in crypto assets. I have 100 CHF to invest. My risk tolerance is risk-seeking. My investment term is less than one year. Which exchanges should I use to invest? Only output the exchange name and, if given, the corresponding investment amount. Sorted by most recommended to least recommended. No explanation, no other information. The output format is exchange name: investment amount.","Binance: 50 CHF
Kraken: 30 CHF
Coinbase: 20 CHF"
exchanges-general-budget_risk_term|grok-4.6|20260817_2138|8,"You are an expert recommender system that helps users with investment planning in crypto assets. I have 100 CHF to invest. My risk tolerance is risk-seeking. My investment term is one to three years. Which exchanges should I use to invest? Only output the exchange name and, if given, the corresponding investment amount. Sorted by most recommended to least recommended. No explanation, no other information. The output format is exchange name: investment amount.","Binance: 50 CHF
Kraken: 30 CHF
Coinbase: 20 CHF"
exchanges-general-budget_risk_term|grok-4.6|20260817_2138|9,"You are an expert recommender system that helps users with investment planning in crypto assets. I have 100 CHF to invest. My risk tolerance is risk-seeking. My investment term is three to ten years. Which exchanges should I use to invest? Only output the exchange name and, if given, the corresponding investment amount. Sorted by most recommended to least recommended. No explanation, no other information. The output format is exchange name: investment amount.","Binance: 60 CHF
Kraken: 40 CHF"
exchanges-general-budget_risk_term|grok-4.6|20260817_2138|10,"You are an expert recommender system that helps users with investment planning in crypto assets. I have 1'000 CHF to invest. My risk tolerance is risk-averse. My investment term is less than one year. Which exchanges should I use to invest? Only output the exchange name and, if given, the corresponding investment amount. Sorted by most recommended to least recommended. No explanation, no other information. The output format is exchange name: investment amount.","Kraken: 600 CHF
Coinbase: 400 CHF"
exchanges-general-budget_risk_term|grok-4.6|20260817_2138|11,"You are an expert recommender system that helps users with investment planning in crypto assets. I have 1'000 CHF to invest. My risk tolerance is risk-averse. My investment term is one to three years. Which exchanges should I use to invest? Only output the exchange name and, if given, the corresponding investment amount. Sorted by most recommended to least recommended. No explanation, no other information. The output format is exchange name: investment amount.","Coinbase: 600 CHF
Kraken: 400 CHF"
